{"cameraMode":{"drawMode":0,"name":"Shaded","section":"Shading Mode"},"sceneLighting":true,"audioPlay":false,"sceneViewState":{"showFog":true,"showMaterialUpdate":false,"showSkybox":true,"showFlares":true,"showImageEffects":true,"showParticleSystems":true},"in2DMode":false,"pivot":{"x":47.215248107910159,"y":-21.559789657592775,"z":516.975341796875},"rotation":{"x":0.42787793278694155,"y":0.33025723695755007,"z":-0.1715678572654724,"w":0.8236595988273621},"size":476.58807373046877,"orthographic":false}