{"cameraMode":{"drawMode":0,"name":"Shaded","section":"Shading Mode"},"sceneLighting":false,"audioPlay":false,"sceneViewState":{"showFog":true,"showMaterialUpdate":false,"showSkybox":true,"showFlares":true,"showImageEffects":true,"showParticleSystems":true},"in2DMode":false,"pivot":{"x":-2.2134666442871095,"y":2.16668701171875,"z":2.653714179992676},"rotation":{"x":-0.5012267827987671,"y":0.43403348326683047,"z":-0.32188257575035097,"w":-0.6758538484573364},"size":131.8610076904297,"orthographic":false}